,AUC,Pos.vs.Neg.,Cutoff-Threshold,Sensitivity,Specificity,Test,p-value
logarithm_glcm_Autocorrelation,0.8734360776908501,<,40.45939193411493,0.8063508589276418,0.8059071729957806,mann-whitney U-test,0.0
squareroot_glcm_SumEntropy,0.873927301401125,<,3.976073744482372,0.8073919833420093,0.8071127185051236,mann-whitney U-test,0.0
squareroot_glcm_MCC,0.8921407030382444,<,0.6214904211584741,0.8276939094221759,0.8282097649186257,mann-whitney U-test,0.0
logarithm_glszm_ZoneEntropy,0.8831650056684486,<,5.785225673025004,0.8172826652785008,0.8179626280892104,mann-whitney U-test,0.0
logarithm_glrlm_RunEntropy,0.8680941178980833,<,4.349176888377363,0.8136387298282145,0.812537673297167,mann-whitney U-test,0.0
squareroot_glrlm_RunEntropy,0.8797871562649928,<,4.219541117676741,0.8183237896928683,0.8179626280892104,mann-whitney U-test,0.0
logarithm_glcm_SumSquares,0.8661441276409746,<,32.66411497971884,0.8016657990629881,0.8022905364677517,mann-whitney U-test,0.0
logarithm_glcm_MCC,0.8829213549427836,<,0.6241769109080262,0.8245705361790734,0.8239903556359253,mann-whitney U-test,0.0
logarithm_ngtdm_Contrast,0.8675777917305602,<,0.0800905489340979,0.8011452368558043,0.8010849909584087,mann-whitney U-test,0.0
squareroot_glcm_Imc2,0.9058990460752465,<,0.7014579688630846,0.842790213430505,0.8426763110307414,mann-whitney U-test,0.0
squareroot_glcm_Imc1,0.8747312075944974,>,-0.1363624047855806,0.8155515370705244,0.8152004164497657,mann-whitney U-test,0.0
original_firstorder_90Percentile,0.8828938991301685,<,-16.407744033834636,0.8084331077563769,0.8065099457504521,mann-whitney U-test,0.0
original_firstorder_Entropy,0.8755856324830817,<,2.509221653236964,0.818844351900052,0.8173598553345389,mann-whitney U-test,0.0
squareroot_glcm_ClusterShade,0.8705776922620734,<,448.8188252962666,0.8058302967204581,0.8040988547317661,mann-whitney U-test,0.0
squareroot_glcm_ClusterTendency,0.8829579103961513,<,33.71258853393539,0.8162415408641333,0.814948764315853,mann-whitney U-test,0.0
squareroot_glcm_ClusterProminence,0.8652409098511142,<,12086.651038563246,0.799583550234253,0.7992766726943942,mann-whitney U-test,0.0
squareroot_glcm_SumSquares,0.8770462817142091,<,11.331806660708502,0.8115564809994794,0.8119349005424955,mann-whitney U-test,0.0
logarithm_glcm_Correlation,0.9096052669975797,<,0.4883854074250576,0.8433107756376887,0.8432790837854129,mann-whitney U-test,0.0
wavelet2-LL_glcm_SumEntropy,0.8773515903504898,<,5.436756580161164,0.812597605413847,0.812537673297167,mann-whitney U-test,0.0
original_firstorder_MeanAbsoluteDeviation,0.8882203267775128,<,15.389082295413465,0.8292555960437272,0.8282097649186257,mann-whitney U-test,0.0
original_glcm_Correlation,0.9153429042727207,<,0.5750090095993183,0.8511192087454451,0.8505123568414708,mann-whitney U-test,0.0
squareroot_glcm_Correlation,0.9120626406718171,<,0.5481327951238582,0.8505986465382613,0.8511151295961422,mann-whitney U-test,0.0
logarithm_glcm_Imc2,0.9017064650437301,<,0.7256624445999117,0.8407079646017699,0.840867992766727,mann-whitney U-test,0.0
original_firstorder_RobustMeanAbsoluteDeviation,0.8910923616674182,<,10.543749511264028,0.829776158250911,0.8294153104279687,mann-whitney U-test,0.0
logarithm_glcm_Imc1,0.8797556213030748,>,-0.1443634639725713,0.8300180831826401,0.8282144716293597,mann-whitney U-test,0.0
original_firstorder_Variance,0.8806823726466053,<,383.5539035876965,0.8224882873503384,0.8209764918625678,mann-whitney U-test,0.0
squareroot_glszm_ZoneEntropy,0.8857398902206788,<,5.663140416192973,0.8120770432066632,0.8119349005424955,mann-whitney U-test,0.0
logarithm_glcm_Idn,0.8786580163598989,>,0.9494074653165564,0.8155515370705244,0.8162415408641333,mann-whitney U-test,0.0
logarithm_glcm_Idmn,0.8785554100658971,>,0.9842364632702998,0.814948764315853,0.8141592920353982,mann-whitney U-test,0.0
squareroot_glcm_Idmn,0.882268220383258,>,0.9858650137727688,0.8173598553345389,0.8172826652785008,mann-whitney U-test,0.0
original_glcm_ClusterProminence,0.8821408254127235,<,244.1787581605604,0.8266527850078085,0.8270042194092827,mann-whitney U-test,0.0
original_glcm_ClusterShade,0.8868048619694322,<,20.762441700802977,0.8292555960437272,0.8294153104279687,mann-whitney U-test,0.0
original_glcm_ClusterTendency,0.9018682190026229,<,7.581056468574065,0.8459135866736075,0.8444846292947559,mann-whitney U-test,0.0
original_ngtdm_Contrast,0.8899489447397644,<,0.0310168757748434,0.8178032274856846,0.8179626280892104,mann-whitney U-test,0.0
original_firstorder_InterquartileRange,0.8857995085566431,<,25.006996741115685,0.8230088495575221,0.8233875828812538,mann-whitney U-test,0.0
logarithm_glrlm_LongRunHighGrayLevelEmphasis,0.8655732036289366,<,106.07403597613305,0.7990629880270692,0.7992766726943942,mann-whitney U-test,0.0
squareroot_firstorder_InterquartileRange,0.8679055356880065,<,35.75133043599003,0.7980218636127017,0.7980711271850512,mann-whitney U-test,0.0
squareroot_glcm_Idn,0.8801116055249253,>,0.9384836472954282,0.8143459915611815,0.8141592920353982,mann-whitney U-test,0.0
exponential_firstorder_RobustMeanAbsoluteDeviation,0.892085163851583,<,0.0826595676152235,0.8183237896928683,0.8173598553345389,mann-whitney U-test,0.0
squareroot_glcm_Autocorrelation,0.8716232096064593,<,30.746591488577685,0.8047891723060906,0.8053044002411092,mann-whitney U-test,0.0
original_glcm_Imc1,0.8812013659502111,>,-0.1490523846848819,0.8209764918625678,0.8214471629359709,mann-whitney U-test,0.0
original_glcm_Imc2,0.9124787139007055,<,0.6714626869943049,0.8500780843310776,0.8499095840867993,mann-whitney U-test,0.0
wavelet2-LL_glcm_Correlation,0.8865450515369135,<,0.6145607572201731,0.8271733472149921,0.8270042194092827,mann-whitney U-test,0.0
wavelet2-LL_glcm_Imc2,0.8687477231286824,<,0.8084270548248377,0.816762103071317,0.8173598553345389,mann-whitney U-test,0.0
logarithm_glcm_ClusterTendency,0.8712411815852139,<,91.87388121610864,0.8058302967204581,0.8053044002411092,mann-whitney U-test,0.0
original_glcm_MCC,0.903114556004994,<,0.6048360068789693,0.8381051535658511,0.8378541289933695,mann-whitney U-test,0.0
squareroot_firstorder_RobustMeanAbsoluteDeviation,0.8771517120346515,<,15.603129767552057,0.8110359187922956,0.8107293550331525,mann-whitney U-test,0.0
squareroot_firstorder_Skewness,0.8689987477011639,>,2.2625623729732864,0.7974683544303798,0.7980218636127017,mann-whitney U-test,0.0
original_glcm_SumEntropy,0.8948978941862396,<,3.298310630272846,0.8386257157730349,0.8390596745027125,mann-whitney U-test,0.0
original_glcm_SumSquares,0.894384235154799,<,2.4777690218090447,0.8396668401874023,0.840867992766727,mann-whitney U-test,0.0
exponential_firstorder_90Percentile,0.8716432915722578,<,0.772625483836499,0.7990629880270692,0.7986738999397227,mann-whitney U-test,0.0
original_glrlm_GrayLevelNonUniformityNormalized,0.870327295251023,>,0.1934902856123206,0.8119349005424955,0.810515356585112,mann-whitney U-test,0.0
original_glrlm_GrayLevelVariance,0.8701609914717539,<,2.80128819613238,0.812597605413847,0.812537673297167,mann-whitney U-test,0.0
exponential_firstorder_InterquartileRange,0.8835098506748953,<,0.1888193586183471,0.8105153565851119,0.810126582278481,mann-whitney U-test,0.0
original_gldm_DependenceEntropy,0.8828866821737097,<,5.091168823956618,0.8250910983862572,0.8251959011452682,mann-whitney U-test,0.0
original_glcm_JointEntropy,0.8798182205558374,<,4.639002339310106,0.8240499739718896,0.8239903556359253,mann-whitney U-test,0.0
squareroot_firstorder_Variance,0.8649133227840257,<,1834.5588578358768,0.8016657990629881,0.8016877637130801,mann-whitney U-test,0.0
exponential_firstorder_MeanAbsoluteDeviation,0.8864320904792968,<,0.1393294565212759,0.8209266007287871,0.8209764918625678,mann-whitney U-test,0.0
wavelet2-LL_glcm_ClusterTendency,0.8734977356014658,<,141.9183883713526,0.8079125455491931,0.8071127185051236,mann-whitney U-test,0.0
logarithm_firstorder_Skewness,0.8853134622281759,>,3.563437005920816,0.812537673297167,0.8120770432066632,mann-whitney U-test,0.0
log-sigma-2-mm-3D_firstorder_10Percentile,0.8922953969310363,>,1.8663689851760863,0.8264014466546112,0.8261322228006247,mann-whitney U-test,0.0
squareroot_firstorder_Kurtosis,0.8994150813680463,>,9.910149362180144,0.8245931283905967,0.8240499739718896,mann-whitney U-test,0.0
logarithm_firstorder_RobustMeanAbsoluteDeviation,0.8681003935123954,<,15.704950469057872,0.7943779281624154,0.7944544906570223,mann-whitney U-test,0.0
logarithm_firstorder_MeanAbsoluteDeviation,0.8661034930383041,<,38.963071715394165,0.8016657990629881,0.8016877637130801,mann-whitney U-test,0.0
squareroot_firstorder_MeanAbsoluteDeviation,0.874314506804178,<,27.865662264286943,0.8094742321707444,0.807715491259795,mann-whitney U-test,0.0
logarithm_firstorder_RootMeanSquared,0.8720568545554214,<,127.76563724102463,0.8021863612701717,0.8022905364677517,mann-whitney U-test,0.0
logarithm_firstorder_Kurtosis,0.8880634364197119,>,17.22168142757789,0.8107293550331525,0.8115564809994794,mann-whitney U-test,0.0
squareroot_gldm_GrayLevelVariance,0.864842094561584,<,11.703145922179807,0.8011452368558043,0.8010849909584087,mann-whitney U-test,0.0
logarithm_firstorder_90Percentile,0.8807247330432116,<,-157.69862178329754,0.8105153565851119,0.810126582278481,mann-whitney U-test,0.0
squareroot_firstorder_90Percentile,0.889913801299617,<,-74.51214886426624,0.8172826652785008,0.8173598553345389,mann-whitney U-test,0.0
log-sigma-0-6-mm-3D_firstorder_10Percentile,0.8900512372530507,>,-5.142714023590088,0.8215792646172393,0.8214471629359709,mann-whitney U-test,0.0
original_gldm_GrayLevelVariance,0.8806786072780182,<,2.520008800608428,0.8230088495575221,0.8233875828812538,mann-whitney U-test,0.0
original_glrlm_RunEntropy,0.8889708902492328,<,3.8640242093898127,0.8240499739718896,0.8233875828812538,mann-whitney U-test,0.0
squareroot_ngtdm_Contrast,0.8819933484763907,<,0.0509405080866957,0.8094742321707444,0.8095238095238095,mann-whitney U-test,0.0
squareroot_gldm_DependenceEntropy,0.8639719806372197,<,5.397351393569435,0.8011452368558043,0.8004822182037372,mann-whitney U-test,1.29607869829989e-309
squareroot_glrlm_LongRunHighGrayLevelEmphasis,0.8638323482187767,<,74.48665327076658,0.7891723060905779,0.7884267631103075,mann-whitney U-test,2.230840594337796e-309
logarithm_glcm_SumAverage,0.8637697489660141,<,10.37790349950175,0.7964601769911505,0.7956600361663653,mann-whitney U-test,2.84556432670505e-309
logarithm_glcm_JointAverage,0.8637697489660141,<,5.188951749750856,0.7964601769911505,0.7956600361663653,mann-whitney U-test,2.84556432670505e-309
exponential_firstorder_Variance,0.8636494140615807,<,0.04424293698173,0.8016657990629881,0.8016877637130801,mann-whitney U-test,4.54260504625852e-309
logarithm_firstorder_Energy,0.8634325915870997,<,128160152.2881684,0.797501301405518,0.7974683544303798,mann-whitney U-test,1.0547562566082236e-308
original_firstorder_Uniformity,0.8623698163033556,>,0.2130205110187998,0.8022905364677516,0.8011452368558043,mann-whitney U-test,6.504800429667825e-307
squareroot_glrlm_GrayLevelVariance,0.8620277953233495,<,13.521281383035047,0.799583550234253,0.7992766726943942,mann-whitney U-test,2.4445695570120775e-306
logarithm_gldm_LargeDependenceHighGrayLevelEmphasis,0.8617297036435274,<,223.11135164389125,0.7964601769911505,0.7962628089210367,mann-whitney U-test,7.742469140080609e-306
squareroot_glszm_GrayLevelNonUniformityNormalized,0.8614407116044581,>,0.1072265276790947,0.8040988547317661,0.8047891723060906,mann-whitney U-test,2.3652637145555007e-305
logarithm_firstorder_TotalEnergy,0.861271270018033,<,239956643.4368049,0.7938573659552316,0.7938517179023508,mann-whitney U-test,4.550555682435714e-305
original_glcm_Autocorrelation,0.861026834840579,<,16.36084408882815,0.7912545549193128,0.7896323086196504,mann-whitney U-test,1.1689420276898849e-304
squareroot_firstorder_RootMeanSquared,0.8605969552602042,<,190.4447256012986,0.7891723060905779,0.7902350813743219,mann-whitney U-test,6.133331731067862e-304
wavelet2-HL_firstorder_10Percentile,0.860308590782566,>,-8.557587493206828,0.7860156720916215,0.7855283706402916,mann-whitney U-test,1.8626439646585862e-303
wavelet2-LL_glcm_SumSquares,0.8601871576456279,<,45.81940127781832,0.7907339927121291,0.7908378541289933,mann-whitney U-test,2.9728432487960263e-303
logarithm_glcm_SumEntropy,0.8594521263193302,<,4.062321407233561,0.7943779281624154,0.7944544906570223,mann-whitney U-test,5.020206251204426e-302
squareroot_glcm_JointEntropy,0.8589022256152377,<,5.801620810862627,0.7959396147839667,0.7962628089210367,mann-whitney U-test,4.144324351401723e-301
logarithm_glszm_GrayLevelNonUniformityNormalized,0.8578402347832826,>,0.0980456163150336,0.8047016274864376,0.8053097345132744,mann-whitney U-test,2.420569785657598e-299
squareroot_glcm_SumAverage,0.8573559142487508,<,10.014883172866138,0.786569495054659,0.786618444846293,mann-whitney U-test,1.5409104353483958e-298
squareroot_glcm_JointAverage,0.8573559142487508,<,5.007441586433068,0.786569495054659,0.786618444846293,mann-whitney U-test,1.5409104353483958e-298
original_glszm_ZoneEntropy,0.8566364150678755,<,5.5025330614152965,0.7824049973971889,0.781796262808921,mann-whitney U-test,2.3986782707231333e-297
log-sigma-3-mm-3D_firstorder_10Percentile,0.8563593466959989,>,11.222754669189452,0.7769740807715492,0.7766788131181677,mann-whitney U-test,6.8933202627039e-297
squareroot_glcm_InverseVariance,0.8563270272822918,>,0.3738501462045797,0.7998794454490658,0.799583550234253,mann-whitney U-test,7.796204417568596e-297
logarithm_glcm_ClusterShade,0.8562584661959329,<,2999.5858965211823,0.797501301405518,0.7974683544303798,mann-whitney U-test,1.0121943371627417e-296
squareroot_glrlm_HighGrayLevelRunEmphasis,0.8561513100815548,<,42.628845853613726,0.7881311816762103,0.7884267631103075,mann-whitney U-test,1.522040949727274e-296
squareroot_gldm_HighGrayLevelEmphasis,0.8552074576890237,<,36.64449300699301,0.7860489328474752,0.786618444846293,mann-whitney U-test,5.503123022702099e-295
logarithm_glrlm_HighGrayLevelRunEmphasis,0.8544507754933496,<,76.9995147654158,0.7912545549193128,0.7920433996383364,mann-whitney U-test,9.700976428783855e-294
logarithm_firstorder_Variance,0.8543122413074113,<,5351.132093588729,0.7938573659552316,0.7932489451476793,mann-whitney U-test,1.6394001351897366e-293
logarithm_gldm_GrayLevelVariance,0.8542910611091081,<,34.078775350389606,0.7938573659552316,0.7932489451476793,mann-whitney U-test,1.7762969085776477e-293
squareroot_glrlm_ShortRunHighGrayLevelEmphasis,0.8537361399135659,<,38.962137510473816,0.7870900572618428,0.7860156720916215,mann-whitney U-test,1.4498975768475829e-292
logarithm_gldm_HighGrayLevelEmphasis,0.8535872509640128,<,60.78950524737631,0.7876106194690266,0.786618444846293,mann-whitney U-test,2.5453184775438094e-292
logarithm_firstorder_InterquartileRange,0.8533015536224572,<,34.15983490506383,0.7818844351900052,0.783001808318264,mann-whitney U-test,7.489168655702662e-292
logarithm_glrlm_GrayLevelVariance,0.8530299764131037,<,42.71441261301536,0.7933368037480479,0.7932489451476793,mann-whitney U-test,2.087420711967156e-291
squareroot_glcm_DifferenceEntropy,0.8529676909410566,<,2.557091329114812,0.7928162415408642,0.7932489451476793,mann-whitney U-test,2.6403518369723656e-291
squareroot_glcm_DifferenceAverage,0.8529620428881757,<,1.9054442283892588,0.7902134305049453,0.7902350813743219,mann-whitney U-test,2.6972113486663565e-291
squareroot_firstorder_Entropy,0.8525823682222974,<,3.097892415632296,0.7912545549193128,0.7914406268836649,mann-whitney U-test,1.128742902563663e-290
logarithm_glrlm_ShortRunHighGrayLevelEmphasis,0.8525032954819656,<,73.11323503636729,0.7891723060905779,0.7896323086196504,mann-whitney U-test,1.520494441782111e-290
logarithm_glszm_HighGrayLevelZoneEmphasis,0.8524918424858462,<,126.9183727731986,0.7922956793336804,0.7926461723930078,mann-whitney U-test,1.5875349852304127e-290
wavelet-HL_firstorder_10Percentile,0.8524647004539466,>,-5.013019443535891,0.7781796262808921,0.7782404997397189,mann-whitney U-test,1.758445289225529e-290
original_glcm_JointEnergy,0.8524339499438175,>,0.0661072589352982,0.7872212176009644,0.7881311816762103,mann-whitney U-test,1.9743938597602038e-290
squareroot_glszm_GrayLevelVariance,0.852326323158366,<,18.850083197096023,0.7912545549193128,0.7920433996383364,mann-whitney U-test,2.961191807440168e-290
squareroot_glszm_HighGrayLevelZoneEmphasis,0.8522748631210073,<,60.7762573964497,0.7850078084331078,0.784207353827607,mann-whitney U-test,3.594304194121911e-290
logarithm_glcm_ClusterProminence,0.8520600802211777,<,148846.0544241488,0.7943779281624154,0.7944544906570223,mann-whitney U-test,8.066753247526545e-290
wavelet2-LL_glcm_Autocorrelation,0.8520326244085625,<,243.1045745522105,0.786569495054659,0.7872212176009644,mann-whitney U-test,8.944635567573949e-290
logarithm_glcm_DifferenceAverage,0.8519579445982493,<,2.6855834300739776,0.7922956793336804,0.7920433996383364,mann-whitney U-test,1.184607688063209e-289
wavelet2-LL_glcm_JointEntropy,0.850042313329499,<,8.574380098736011,0.7829255596043727,0.7836045810729355,mann-whitney U-test,1.5649498208175256e-286
squareroot_glcm_Contrast,0.8489189783676436,<,11.177804234776811,0.7907339927121291,0.7908378541289933,mann-whitney U-test,1.0392378761890615e-284
original_glcm_DifferenceAverage,0.8477637946631549,<,1.0288645406506838,0.7860489328474752,0.7860156720916215,mann-whitney U-test,7.664673450200513e-283
squareroot_glrlm_GrayLevelNonUniformityNormalized,0.8475621905533804,>,0.1399275091907252,0.7914406268836649,0.7907339927121291,mann-whitney U-test,1.62116392363986e-282
wavelet2-LL_firstorder_InterquartileRange,0.8462967129273576,<,119.61443136169228,0.7725143154606976,0.7727546714888487,mann-whitney U-test,1.768705441277835e-280
squareroot_gldm_LargeDependenceHighGrayLevelEmphasis,0.8462032062741082,<,225.86879474240112,0.773555439875065,0.7733574442435202,mann-whitney U-test,2.499982854847388e-280
logarithm_glcm_DifferenceEntropy,0.8458583612676616,<,2.7687010333870883,0.7907339927121291,0.7920433996383364,mann-whitney U-test,8.949789391623034e-280
logarithm_glszm_GrayLevelVariance,0.8458252574021656,<,64.95933727065967,0.786569495054659,0.7872212176009644,mann-whitney U-test,1.0114721427662375e-279
squareroot_glcm_DifferenceVariance,0.8453597637105699,<,7.292614725864638,0.784487246225924,0.7848101265822784,mann-whitney U-test,5.645017433046022e-279
logarithm_glcm_Contrast,0.8451008946201983,<,36.41374307524452,0.7886517438833941,0.7884267631103075,mann-whitney U-test,1.4672015649301336e-278
original_glcm_DifferenceEntropy,0.8449342770602136,<,1.881536888450411,0.7808433107756377,0.7805907172995781,mann-whitney U-test,2.7122002657089578e-278
wavelet2-LL_firstorder_RobustMeanAbsoluteDeviation,0.8445401684814174,<,50.74970366592513,0.77147319104633,0.7715491259795058,mann-whitney U-test,1.1586708746521397e-277
logarithm_gldm_DependenceEntropy,0.8445307550599493,<,5.399193743754276,0.7834461218115565,0.7836045810729355,mann-whitney U-test,1.1995388160671756e-277
log-sigma-2-mm-3D_glcm_Imc2,0.8444250109587914,<,0.8126739899561308,0.7740760020822488,0.7745629897528632,mann-whitney U-test,1.7704966571977703e-277
logarithm_glszm_SmallAreaHighGrayLevelEmphasis,0.8443967706943873,<,112.69647229112628,0.7839666840187403,0.7836045810729355,mann-whitney U-test,1.9644521491879762e-277
original_glcm_Idm,0.8443889261764972,>,0.5998171781613159,0.7860156720916215,0.7855283706402916,mann-whitney U-test,2.0220013891175287e-277
logarithm_glcm_JointEntropy,0.8440683991755098,<,5.8052208670235546,0.7839666840187403,0.7836045810729355,mann-whitney U-test,6.57539309335741e-277
original_gldm_HighGrayLevelEmphasis,0.8431730259035395,<,17.65372853446248,0.7730348776678813,0.7721518987341772,mann-whitney U-test,1.7621091422475376e-275
logarithm_glcm_DifferenceVariance,0.8427141216069716,<,28.973593595259228,0.7860489328474752,0.7860156720916215,mann-whitney U-test,9.47414983414257e-275
original_glcm_Id,0.8425059281021696,>,0.6334467315402212,0.7848101265822784,0.7850078084331078,mann-whitney U-test,2.0306337429477264e-274
original_glszm_GrayLevelNonUniformityNormalized,0.8420763623025103,>,0.1624209561201021,0.7787823990355636,0.7798021863612702,mann-whitney U-test,9.775471589974865e-274
original_glcm_Contrast,0.8413758468549288,<,2.319266211359995,0.7787610619469026,0.7787823990355636,mann-whitney U-test,1.2627046798013611e-272
wavelet2-LL_firstorder_Kurtosis,0.8411761254294482,>,4.019401548197338,0.7938517179023508,0.7938573659552317,mann-whitney U-test,2.6162858100015244e-272
logarithm_gldm_SmallDependenceHighGrayLevelEmphasis,0.8408309666422858,<,44.41871557580146,0.780322748568454,0.7799879445449066,mann-whitney U-test,9.204993097818253e-272
original_glcm_JointAverage,0.8406539943186864,<,3.863673334469493,0.7719937532535138,0.7727546714888487,mann-whitney U-test,1.7536054720109858e-271
original_glcm_SumAverage,0.8406539943186864,<,7.727346668938986,0.7719937532535138,0.7727546714888487,mann-whitney U-test,1.7536054720109858e-271
wavelet2-LL_glcm_JointEnergy,0.840156024323026,>,0.0044169904449983,0.7769740807715492,0.7771993753253514,mann-whitney U-test,1.0734152371106553e-270
squareroot_gldm_SmallDependenceHighGrayLevelEmphasis,0.8401309218657778,<,20.36943701676757,0.7787610619469026,0.7799879445449066,mann-whitney U-test,1.1759839495541855e-270
squareroot_glszm_SmallAreaHighGrayLevelEmphasis,0.8394192672027925,<,48.7994036565844,0.7751171264966163,0.7739602169981916,mann-whitney U-test,1.558834914347632e-269
original_glrlm_HighGrayLevelRunEmphasis,0.8393932234033974,<,19.445661444216327,0.7678292555960438,0.7691380349608198,mann-whitney U-test,1.7132906500241006e-269
squareroot_firstorder_Mean,0.8387509142785601,<,-114.4847862543195,0.7683498178032275,0.7685352622061483,mann-whitney U-test,1.7569830541393395e-268
log-sigma-2-mm-3D_glcm_ClusterTendency,0.8382855774773221,<,8.568160732035771,0.7787610619469026,0.7787823990355636,mann-whitney U-test,9.461747051658173e-268
original_glszm_GrayLevelVariance,0.8380844440386214,<,3.4244878993326813,0.77147319104633,0.7715491259795058,mann-whitney U-test,1.9575387108445584e-267
log-sigma-3-mm-3D_glszm_ZoneEntropy,0.8379507734537748,<,6.202316315127976,0.7657470067673087,0.7661241711874623,mann-whitney U-test,3.1727991441034604e-267
wavelet2-LL_glcm_SumAverage,0.8366997297406695,<,29.413908368074,0.7704320666319625,0.7703435804701627,mann-whitney U-test,2.8863226636679294e-265
wavelet2-LL_glcm_JointAverage,0.8366997297406695,<,14.706954184036992,0.7704320666319625,0.7703435804701627,mann-whitney U-test,2.8863226636679294e-265
wavelet2-LL_glcm_Imc1,0.8363686910857095,>,-0.141484822941428,0.7823990355635925,0.7813638729828214,mann-whitney U-test,9.494594827610361e-265
wavelet2-LL_glcm_ClusterProminence,0.8362108593857617,<,89522.97864765038,0.7657470067673087,0.7655213984327909,mann-whitney U-test,1.6743807094717272e-264
wavelet2-LL_firstorder_90Percentile,0.835481319221987,<,-26.675579605643183,0.7631441957313899,0.7643158529234478,mann-whitney U-test,2.2970893631221513e-263
logarithm_firstorder_Entropy,0.8352938352444148,<,3.125797360879354,0.7792816241540864,0.7793851717902351,mann-whitney U-test,4.498414176812555e-263
original_glrlm_ShortRunHighGrayLevelEmphasis,0.834632856166999,<,15.915378115599896,0.7647058823529411,0.7649186256781193,mann-whitney U-test,4.79507321338594e-262
original_shape_Sphericity,0.8316761004838813,<,0.5551943845049743,0.7725143154606976,0.7727546714888487,mann-whitney U-test,1.792161827474318e-257
log-sigma-2-mm-3D_glcm_SumSquares,0.8308044176559388,<,2.495376550306902,0.773555439875065,0.7733574442435202,mann-whitney U-test,3.923649847637744e-256
logarithm_glcm_InverseVariance,0.8301329269245504,>,0.346530589117454,0.7860156720916215,0.786569495054659,mann-whitney U-test,4.2051717705964896e-255
wavelet2-LL_firstorder_Uniformity,0.8300563644299436,>,0.0456531781335636,0.7613019891500904,0.7610619469026548,mann-whitney U-test,5.509358371559241e-255
log-sigma-2-mm-3D_glcm_SumEntropy,0.8300328308762734,<,3.42066705914242,0.7699115044247787,0.7697408077154912,mann-whitney U-test,5.986268401038467e-255
logarithm_glrlm_GrayLevelNonUniformityNormalized,0.8298826868038579,>,0.1451319839532475,0.7727546714888487,0.7730348776678813,mann-whitney U-test,1.0165474700517306e-254
squareroot_glcm_Id,0.8298012607081591,>,0.5457827690309585,0.7727546714888487,0.7725143154606975,mann-whitney U-test,1.3545720174640588e-254
original_glcm_DifferenceVariance,0.829167423662643,<,1.202134471969918,0.7631441957313899,0.7631103074141049,mann-whitney U-test,1.2625313869410464e-253
log-sigma-3-mm-3D_glcm_ClusterTendency,0.8283839132157849,<,8.950639579585715,0.7626236335242061,0.7625075346594334,mann-whitney U-test,1.9816704346063691e-252
wavelet2-LL_firstorder_MeanAbsoluteDeviation,0.827842955262087,<,73.89631662578645,0.7558563248308173,0.7552742616033755,mann-whitney U-test,1.32122967658932e-251
squareroot_glcm_Idm,0.8273016835276734,>,0.4966870532817811,0.7709463532248343,0.7709526288391463,mann-whitney U-test,8.791153775077328e-251
wavelet2-LL_glrlm_GrayLevelNonUniformityNormalized,0.8268253644013895,>,0.0443112223579994,0.7564798071127184,0.756376887038001,mann-whitney U-test,4.6475308199696375e-250
wavelet2-LL_gldm_DependenceEntropy,0.8259637225563463,<,6.35310970967269,0.7501301405517959,0.7504520795660037,mann-whitney U-test,9.391775788672543e-249
squareroot_firstorder_Uniformity,0.8253509088187756,>,0.1604271894220648,0.7649186256781193,0.7647058823529411,mann-whitney U-test,7.928027554925558e-248
wavelet2-LL_firstorder_Entropy,0.8232178275141131,<,4.7345757920769564,0.7522123893805309,0.7522603978300181,mann-whitney U-test,1.2890411734641286e-244
wavelet2-LL_glcm_InverseVariance,0.8200756274280745,>,0.2681293851333088,0.7606992163954189,0.7605413846954712,mann-whitney U-test,6.339743082299652e-240
log-sigma-3-mm-3D_glcm_SumSquares,0.8200031440827704,<,2.6075891235298174,0.7553357626236336,0.7552742616033755,mann-whitney U-test,8.123832500219489e-240
wavelet2-LL_glrlm_RunEntropy,0.8199203059738515,<,5.249058851188586,0.7464862051015096,0.7462326702833032,mann-whitney U-test,1.0784614797008667e-239
original_firstorder_Kurtosis,0.8194499486811639,>,4.076384366519984,0.7462326702833032,0.7464862051015096,mann-whitney U-test,5.380808136712007e-239
wavelet2-LL_glcm_MCC,0.8189814740727702,<,0.7020282843793217,0.7704320666319625,0.7703435804701627,mann-whitney U-test,2.661198820783715e-238
log-sigma-3-mm-3D_glcm_ClusterProminence,0.8181954533801871,<,360.3721089227641,0.7568974492451848,0.755877034358047,mann-whitney U-test,3.86894223904794e-237
log-sigma-2-mm-3D_firstorder_Variance,0.8173604828959701,<,384.3630940656267,0.7568974492451848,0.75708257986739,mann-whitney U-test,6.59731841486494e-236
log-sigma-2-mm-3D_gldm_GrayLevelVariance,0.8172415600047569,<,2.521605447821329,0.7574180114523685,0.75708257986739,mann-whitney U-test,9.875144898929323e-236
logarithm_glcm_Id,0.8163913711558332,>,0.5484083098939995,0.7613019891500904,0.7615825091098386,mann-whitney U-test,1.7578481690427664e-234
original_firstorder_RootMeanSquared,0.8160852780677634,<,257.95719887937645,0.7418011452368558,0.7426160337552743,mann-whitney U-test,4.947159947285287e-234
wavelet2-LL_glcm_ClusterShade,0.8159575693165133,<,1504.7650769418406,0.7407600208224883,0.7402049427365883,mann-whitney U-test,7.615817383900686e-234
original_glszm_HighGrayLevelZoneEmphasis,0.8154956841031472,<,24.88656476267096,0.7475273295158772,0.7468354430379747,mann-whitney U-test,3.620045126358435e-233
wavelet2-LL_firstorder_RootMeanSquared,0.813145466543288,<,175.6642041046781,0.7438833940655908,0.7438215792646172,mann-whitney U-test,9.731467252606338e-230
log-sigma-2-mm-3D_glcm_ClusterProminence,0.8129223684544951,<,380.9547193199808,0.7548152004164498,0.75708257986739,mann-whitney U-test,2.0530310205959098e-229
square_firstorder_10Percentile,0.8122791179875108,>,0.9797011529808556,0.7703435804701627,0.7704320666319625,mann-whitney U-test,1.7616020936352326e-228
exponential_firstorder_RootMeanSquared,0.8120861428474155,<,300.5338358159528,0.7324310255075481,0.7323688969258589,mann-whitney U-test,3.354189879149423e-228
exponential_firstorder_Mean,0.812037820617213,<,0.5337603162425879,0.7324310255075481,0.7323688969258589,mann-whitney U-test,3.9408896818117344e-228
log-sigma-3-mm-3D_glrlm_RunEntropy,0.8117312568580698,<,4.236838853828151,0.7319104633003644,0.7323688969258589,mann-whitney U-test,1.095154051174634e-227
log-sigma-2-mm-3D_firstorder_Entropy,0.8115790732110029,<,2.6088748096591465,0.7501301405517959,0.751054852320675,mann-whitney U-test,1.8182926384603181e-227
logarithm_glcm_Idm,0.8114304980421653,>,0.5030993803921839,0.759493670886076,0.7595002602811036,mann-whitney U-test,2.9821386028838503e-227
wavelet2-LL_gldm_GrayLevelVariance,0.8103521906129989,<,56.12759421220019,0.7402394586153045,0.7402049427365883,mann-whitney U-test,1.073673708718758e-225
wavelet2-LL_firstorder_Variance,0.8103518768322833,<,8825.456471482941,0.7402394586153045,0.7402049427365883,mann-whitney U-test,1.0747919895375236e-225
logarithm_firstorder_Mean,0.8098394729237052,<,-198.8792893230984,0.7402394586153045,0.7414104882459314,mann-whitney U-test,5.874879377697798e-225
wavelet2-LL_glcm_Idm,0.808750026279135,>,0.2749549200784736,0.754671488848704,0.7548152004164498,mann-whitney U-test,2.1545732420353947e-223
wavelet2-LL_glrlm_LongRunHighGrayLevelEmphasis,0.808242956642722,<,401.16740207375005,0.7407600208224883,0.7420132610006027,mann-whitney U-test,1.1470941691307876e-222
log-sigma-0-6-mm-3D_glrlm_RunEntropy,0.8081663941481151,<,3.666665262155476,0.7391983342009371,0.7377938517179023,mann-whitney U-test,1.4762172249388646e-222
wavelet-HL_glszm_ZoneEntropy,0.8079147420142023,<,5.575160314088292,0.7376366475793857,0.7371910789632309,mann-whitney U-test,3.380968506682644e-222
log-sigma-2-mm-3D_firstorder_Minimum,0.8078384933003111,>,-33.26641082763672,0.7444243520192887,0.7444039562727747,mann-whitney U-test,4.3453767789761976e-222
wavelet2-LL_glszm_GrayLevelNonUniformityNormalized,0.8076944679518497,>,0.0410240950027163,0.7377938517179023,0.7381572097865695,mann-whitney U-test,6.979382138250671e-222
original_firstorder_Mean,0.8074622702223043,<,-42.93027325604107,0.7386777719937533,0.7377938517179023,mann-whitney U-test,1.4975749772718544e-221
wavelet2-LL_gldm_HighGrayLevelEmphasis,0.8069799892624239,<,299.6628589070701,0.7428422696512234,0.7426160337552743,mann-whitney U-test,7.299169408705258e-221
wavelet2-LL_glcm_Id,0.8069448458222767,>,0.3562304950696192,0.7540687160940326,0.7537740760020822,mann-whitney U-test,8.191377739353312e-221
squareroot_glcm_JointEnergy,0.8061920858855472,>,0.0410040930729573,0.7408077154912598,0.7407600208224883,mann-whitney U-test,9.655033771385746e-220
original_gldm_DependenceNonUniformityNormalized,0.8054349330187994,<,0.1680794762933748,0.7589796980739199,0.7588908981314044,mann-whitney U-test,1.147504786357524e-218
original_glrlm_LongRunHighGrayLevelEmphasis,0.8050207424742049,<,57.87604840680775,0.7428422696512234,0.7426160337552743,mann-whitney U-test,4.4329779310723575e-218
log-sigma-2-mm-3D_glrlm_GrayLevelVariance,0.8045221449171133,<,2.7649949951739217,0.7418011452368558,0.7408077154912598,mann-whitney U-test,2.2500581582135227e-217
wavelet-HL_glcm_Imc2,0.8042717479060628,<,0.5348211147363157,0.7308693388859969,0.7311633514165159,mann-whitney U-test,5.082323490138832e-217
original_glcm_InverseVariance,0.8037530683831727,>,0.4196312992553701,0.755877034358047,0.756376887038001,mann-whitney U-test,2.742531259484269e-216
wavelet2-LL_glrlm_HighGrayLevelRunEmphasis,0.8033354262507064,<,309.88097919230273,0.7386777719937533,0.7383966244725738,mann-whitney U-test,1.0634717119838413e-215
log-sigma-0-6-mm-3D_glszm_ZoneEntropy,0.802895819468148,<,5.784353816339278,0.7293076522644456,0.7293550331525015,mann-whitney U-test,4.4195855723689893e-215
wavelet2-LL_glrlm_GrayLevelVariance,0.8024681363527824,<,57.6391499912376,0.7334721499219157,0.7317661241711875,mann-whitney U-test,1.7635904792677022e-214
wavelet2-HL_gldm_DependenceEntropy,0.8020608489839309,<,4.819617045299019,0.7319104633003644,0.7329716696805304,mann-whitney U-test,6.576037712894717e-214
original_gldm_SmallDependenceHighGrayLevelEmphasis,0.8019296886448093,<,5.502620538619273,0.7345132743362832,0.7347799879445449,mann-whitney U-test,1.0043023754432397e-213
log-sigma-0-6-mm-3D_glcm_Imc2,0.8009936807701685,<,0.6264291178593887,0.7329515877147319,0.7311633514165159,mann-whitney U-test,2.0508273519878846e-212
original_glcm_Idmn,0.8009723436815075,>,0.9848570502051456,0.7420132610006027,0.7418011452368558,mann-whitney U-test,2.1965738362615358e-212
wavelet-HL_glrlm_RunEntropy,0.8009255903548828,<,3.5070651374896475,0.7324310255075481,0.733574442435202,mann-whitney U-test,2.5531250962351095e-212
wavelet2-LL_glrlm_ShortRunHighGrayLevelEmphasis,0.8008675409224966,<,295.2232124540402,0.7360749609578344,0.7359855334538878,mann-whitney U-test,3.077285721385714e-212
wavelet2-LH_glcm_Correlation,0.8008672271417809,<,0.2528710705539956,0.7376366475793857,0.7359855334538878,mann-whitney U-test,3.080393047929449e-212
logarithm_firstorder_Uniformity,0.8007082972093285,>,0.1787057547268668,0.7359855334538878,0.7355543987506508,mann-whitney U-test,5.135147683627013e-212
log-sigma-3-mm-3D_glcm_SumEntropy,0.7998945069234146,<,3.4565033312706976,0.7256637168141593,0.7245328511151297,mann-whitney U-test,7.001374686246057e-211
log-sigma-3-mm-3D_firstorder_Variance,0.7997065522747691,<,405.7626362238785,0.7329515877147319,0.7329716696805304,mann-whitney U-test,1.278803035915383e-210
log-sigma-3-mm-3D_gldm_GrayLevelVariance,0.7996701537117592,<,2.663033378006073,0.7324310255075481,0.7323688969258589,mann-whitney U-test,1.4369746725966081e-210
wavelet2-LL_firstorder_Energy,0.7995917085328587,<,247669753.6971177,0.7303487766788131,0.7305605786618445,mann-whitney U-test,1.8474722788900812e-210
log-sigma-2-mm-3D_firstorder_MeanAbsoluteDeviation,0.7985267367841055,<,14.633554306449277,0.7376366475793857,0.7371910789632309,mann-whitney U-test,5.562753239391608e-209
log-sigma-2-mm-3D_glrlm_RunEntropy,0.7984379368415901,<,4.131048230639065,0.7339927121290994,0.7341772151898734,mann-whitney U-test,7.385009366357818e-209
log-sigma-2-mm-3D_gldm_DependenceEntropy,0.7973670032592403,<,5.273870980014255,0.7298282144716294,0.7305605786618445,mann-whitney U-test,2.2366667400889957e-207
log-sigma-0-6-mm-3D_gldm_DependenceEntropy,0.7966989641157236,<,4.583645345038021,0.7230609057782404,0.7233273056057866,mann-whitney U-test,1.8659552854452113e-206
log-sigma-0-6-mm-3D_glszm_GrayLevelNonUniformityNormalized,0.7964689628511873,>,0.2203126725191397,0.729957805907173,0.7293076522644456,mann-whitney U-test,3.8691890987148166e-206
wavelet2-HL_glcm_Imc2,0.796426602454581,<,0.6755168326007833,0.7277459656428943,0.7281494876431585,mann-whitney U-test,4.4251172294524893e-206
original_glrlm_RunLengthNonUniformityNormalized,0.7958100233484231,<,0.5631161061249611,0.7438833940655908,0.7438215792646172,mann-whitney U-test,3.1163247309670333e-205
wavelet2-LL_gldm_LargeDependenceHighGrayLevelEmphasis,0.7946022813740709,<,959.6898334884684,0.7272254034357105,0.7269439421338155,mann-whitney U-test,1.4093873735078506e-203
log-sigma-2-mm-3D_glcm_JointEntropy,0.7944824171407109,<,4.54193811559937,0.7334721499219157,0.733574442435202,mann-whitney U-test,2.055669379424555e-203
original_glrlm_ShortRunEmphasis,0.7938821546317643,<,0.7716343600987836,0.7423217074440396,0.7426160337552743,mann-whitney U-test,1.357855999716791e-202
wavelet2-LL_firstorder_TotalEnergy,0.7933722609689109,<,465626311.409969,0.7225403435710568,0.7227245328511152,mann-whitney U-test,6.729887080216517e-202
