,Test,p-value
wavelet2-LL_glszm_GrayLevelVariance,Kruskal-Wallis,0.0
wavelet2-LL_glszm_GrayLevelNonUniformityNormalized,Kruskal-Wallis,0.0
wavelet2-LL_glrlm_LongRunHighGrayLevelEmphasis,Kruskal-Wallis,0.0
wavelet2-LL_glrlm_HighGrayLevelRunEmphasis,Kruskal-Wallis,0.0
wavelet2-LL_glrlm_GrayLevelVariance,Kruskal-Wallis,0.0
wavelet2-LL_glrlm_GrayLevelNonUniformityNormalized,Kruskal-Wallis,0.0
wavelet2-LL_glcm_SumSquares,Kruskal-Wallis,0.0
exponential_firstorder_Variance,Kruskal-Wallis,0.0
exponential_firstorder_RootMeanSquared,Kruskal-Wallis,0.0
exponential_firstorder_RobustMeanAbsoluteDeviation,Kruskal-Wallis,0.0
wavelet2-LL_firstorder_Mean,Kruskal-Wallis,0.0
wavelet2-LL_firstorder_MeanAbsoluteDeviation,Kruskal-Wallis,0.0
wavelet2-LL_firstorder_Kurtosis,Kruskal-Wallis,0.0
wavelet2-LL_firstorder_InterquartileRange,Kruskal-Wallis,0.0
original_glrlm_RunEntropy,Kruskal-Wallis,0.0
logarithm_firstorder_90Percentile,Kruskal-Wallis,0.0
wavelet2-LL_gldm_DependenceEntropy,Kruskal-Wallis,0.0
wavelet2-LL_ngtdm_Contrast,Kruskal-Wallis,0.0
logarithm_glcm_Idn,Kruskal-Wallis,0.0
logarithm_glcm_JointAverage,Kruskal-Wallis,0.0
logarithm_glcm_MCC,Kruskal-Wallis,0.0
logarithm_glcm_JointEntropy,Kruskal-Wallis,0.0
logarithm_glcm_Imc2,Kruskal-Wallis,0.0
logarithm_gldm_DependenceEntropy,Kruskal-Wallis,0.0
logarithm_gldm_GrayLevelVariance,Kruskal-Wallis,0.0
logarithm_gldm_HighGrayLevelEmphasis,Kruskal-Wallis,0.0
logarithm_gldm_LargeDependenceHighGrayLevelEmphasis,Kruskal-Wallis,0.0
squareroot_glcm_ClusterProminence,Kruskal-Wallis,0.0
squareroot_glcm_ClusterShade,Kruskal-Wallis,0.0
squareroot_glcm_ClusterTendency,Kruskal-Wallis,0.0
wavelet2-LL_glszm_SmallAreaHighGrayLevelEmphasis,Kruskal-Wallis,0.0
wavelet2-LL_glszm_ZoneEntropy,Kruskal-Wallis,0.0
squareroot_firstorder_InterquartileRange,Kruskal-Wallis,0.0
squareroot_gldm_GrayLevelVariance,Kruskal-Wallis,0.0
squareroot_glrlm_ShortRunHighGrayLevelEmphasis,Kruskal-Wallis,0.0
squareroot_gldm_HighGrayLevelEmphasis,Kruskal-Wallis,0.0
wavelet2-LL_gldm_HighGrayLevelEmphasis,Kruskal-Wallis,0.0
wavelet2-LL_gldm_GrayLevelVariance,Kruskal-Wallis,0.0
squareroot_glszm_GrayLevelNonUniformityNormalized,Kruskal-Wallis,0.0
squareroot_glszm_HighGrayLevelZoneEmphasis,Kruskal-Wallis,0.0
squareroot_firstorder_Kurtosis,Kruskal-Wallis,0.0
logarithm_ngtdm_Contrast,Kruskal-Wallis,0.0
wavelet2-LL_gldm_SmallDependenceHighGrayLevelEmphasis,Kruskal-Wallis,0.0
wavelet2-LL_gldm_LargeDependenceHighGrayLevelEmphasis,Kruskal-Wallis,0.0
squareroot_firstorder_Skewness,Kruskal-Wallis,0.0
wavelet2-LL_firstorder_TotalEnergy,Kruskal-Wallis,0.0
logarithm_glrlm_GrayLevelVariance,Kruskal-Wallis,0.0
logarithm_glrlm_HighGrayLevelRunEmphasis,Kruskal-Wallis,0.0
squareroot_glcm_Autocorrelation,Kruskal-Wallis,0.0
squareroot_firstorder_Variance,Kruskal-Wallis,0.0
squareroot_firstorder_Uniformity,Kruskal-Wallis,0.0
squareroot_glcm_JointAverage,Kruskal-Wallis,0.0
logarithm_glszm_HighGrayLevelZoneEmphasis,Kruskal-Wallis,0.0
squareroot_glcm_SumSquares,Kruskal-Wallis,0.0
squareroot_glrlm_GrayLevelNonUniformityNormalized,Kruskal-Wallis,0.0
squareroot_glrlm_GrayLevelVariance,Kruskal-Wallis,0.0
squareroot_glcm_Correlation,Kruskal-Wallis,0.0
squareroot_ngtdm_Contrast,Kruskal-Wallis,0.0
log-sigma-2-mm-3D_glszm_SmallAreaLowGrayLevelEmphasis,Kruskal-Wallis,0.0
squareroot_glrlm_HighGrayLevelRunEmphasis,Kruskal-Wallis,0.0
logarithm_glszm_ZoneEntropy,Kruskal-Wallis,0.0
log-sigma-2-mm-3D_firstorder_10Percentile,Kruskal-Wallis,0.0
squareroot_firstorder_90Percentile,Kruskal-Wallis,0.0
squareroot_firstorder_Entropy,Kruskal-Wallis,0.0
wavelet2-LL_glcm_Imc2,Kruskal-Wallis,0.0
wavelet2-LL_glcm_ClusterTendency,Kruskal-Wallis,0.0
original_firstorder_RootMeanSquared,Kruskal-Wallis,0.0
wavelet2-LL_glcm_SumEntropy,Kruskal-Wallis,0.0
wavelet2-LL_glcm_SumAverage,Kruskal-Wallis,0.0
wavelet2-LL_glcm_MCC,Kruskal-Wallis,0.0
squareroot_glcm_JointEntropy,Kruskal-Wallis,0.0
squareroot_glrlm_RunEntropy,Kruskal-Wallis,0.0
original_glcm_MCC,Kruskal-Wallis,0.0
squareroot_glrlm_LongRunHighGrayLevelEmphasis,Kruskal-Wallis,0.0
log-sigma-2-mm-3D_glcm_SumSquares,Kruskal-Wallis,0.0
log-sigma-2-mm-3D_glcm_MCC,Kruskal-Wallis,0.0
original_glcm_JointEntropy,Kruskal-Wallis,0.0
original_glcm_SumAverage,Kruskal-Wallis,0.0
original_glcm_JointAverage,Kruskal-Wallis,0.0
original_glcm_JointEnergy,Kruskal-Wallis,0.0
original_glrlm_GrayLevelVariance,Kruskal-Wallis,0.0
original_glrlm_GrayLevelNonUniformityNormalized,Kruskal-Wallis,0.0
logarithm_glrlm_GrayLevelNonUniformityNormalized,Kruskal-Wallis,0.0
logarithm_glcm_SumSquares,Kruskal-Wallis,0.0
squareroot_glcm_Imc2,Kruskal-Wallis,0.0
logarithm_glrlm_ShortRunHighGrayLevelEmphasis,Kruskal-Wallis,0.0
logarithm_glrlm_RunEntropy,Kruskal-Wallis,0.0
logarithm_glrlm_LongRunHighGrayLevelEmphasis,Kruskal-Wallis,0.0
log-sigma-2-mm-3D_glcm_ClusterTendency,Kruskal-Wallis,0.0
squareroot_firstorder_RootMeanSquared,Kruskal-Wallis,0.0
squareroot_firstorder_MeanAbsoluteDeviation,Kruskal-Wallis,0.0
squareroot_glcm_MCC,Kruskal-Wallis,0.0
squareroot_firstorder_Mean,Kruskal-Wallis,0.0
squareroot_firstorder_RobustMeanAbsoluteDeviation,Kruskal-Wallis,0.0
log-sigma-2-mm-3D_glcm_Correlation,Kruskal-Wallis,0.0
log-sigma-2-mm-3D_glcm_Imc2,Kruskal-Wallis,0.0
original_firstorder_InterquartileRange,Kruskal-Wallis,0.0
original_firstorder_Kurtosis,Kruskal-Wallis,0.0
wavelet2-LL_glcm_ClusterShade,Kruskal-Wallis,0.0
wavelet2-LL_glcm_ClusterProminence,Kruskal-Wallis,0.0
original_glcm_SumSquares,Kruskal-Wallis,0.0
original_glcm_SumEntropy,Kruskal-Wallis,0.0
wavelet2-LL_glcm_JointEntropy,Kruskal-Wallis,0.0
wavelet2-LL_glcm_JointAverage,Kruskal-Wallis,0.0
original_firstorder_MeanAbsoluteDeviation,Kruskal-Wallis,0.0
original_firstorder_Mean,Kruskal-Wallis,0.0
original_firstorder_Uniformity,Kruskal-Wallis,0.0
original_firstorder_Entropy,Kruskal-Wallis,0.0
wavelet2-LL_glcm_Correlation,Kruskal-Wallis,0.0
original_glcm_Autocorrelation,Kruskal-Wallis,0.0
original_glcm_ClusterProminence,Kruskal-Wallis,0.0
original_glcm_ClusterShade,Kruskal-Wallis,0.0
exponential_firstorder_MeanAbsoluteDeviation,Kruskal-Wallis,0.0
exponential_firstorder_Mean,Kruskal-Wallis,0.0
logarithm_firstorder_MeanAbsoluteDeviation,Kruskal-Wallis,0.0
log-sigma-3-mm-3D_glcm_Correlation,Kruskal-Wallis,0.0
log-sigma-3-mm-3D_glcm_Imc2,Kruskal-Wallis,0.0
log-sigma-3-mm-3D_glcm_Imc1,Kruskal-Wallis,0.0
logarithm_firstorder_RobustMeanAbsoluteDeviation,Kruskal-Wallis,0.0
logarithm_firstorder_RootMeanSquared,Kruskal-Wallis,0.0
exponential_firstorder_InterquartileRange,Kruskal-Wallis,0.0
log-sigma-3-mm-3D_glcm_MCC,Kruskal-Wallis,0.0
wavelet2-LL_glrlm_ShortRunHighGrayLevelEmphasis,Kruskal-Wallis,0.0
wavelet2-LL_glrlm_RunEntropy,Kruskal-Wallis,0.0
logarithm_firstorder_TotalEnergy,Kruskal-Wallis,0.0
logarithm_firstorder_Skewness,Kruskal-Wallis,0.0
wavelet2-LL_glszm_HighGrayLevelZoneEmphasis,Kruskal-Wallis,0.0
wavelet2-LL_firstorder_Entropy,Kruskal-Wallis,0.0
logarithm_firstorder_Entropy,Kruskal-Wallis,0.0
logarithm_firstorder_InterquartileRange,Kruskal-Wallis,0.0
logarithm_firstorder_Energy,Kruskal-Wallis,0.0
logarithm_firstorder_Kurtosis,Kruskal-Wallis,0.0
original_glrlm_HighGrayLevelRunEmphasis,Kruskal-Wallis,0.0
squareroot_gldm_DependenceEntropy,Kruskal-Wallis,0.0
wavelet-LH_firstorder_Skewness,Kruskal-Wallis,0.0
exponential_firstorder_90Percentile,Kruskal-Wallis,0.0
wavelet2-LL_firstorder_RootMeanSquared,Kruskal-Wallis,0.0
wavelet2-LL_firstorder_RobustMeanAbsoluteDeviation,Kruskal-Wallis,0.0
logarithm_glszm_GrayLevelNonUniformityNormalized,Kruskal-Wallis,0.0
squareroot_glcm_SumEntropy,Kruskal-Wallis,0.0
log-sigma-3-mm-3D_firstorder_10Percentile,Kruskal-Wallis,0.0
squareroot_glcm_SumAverage,Kruskal-Wallis,0.0
logarithm_glcm_SumAverage,Kruskal-Wallis,0.0
logarithm_glcm_SumEntropy,Kruskal-Wallis,0.0
original_glcm_Imc1,Kruskal-Wallis,0.0
original_firstorder_Variance,Kruskal-Wallis,0.0
wavelet2-LL_glcm_Autocorrelation,Kruskal-Wallis,0.0
wavelet2-LL_firstorder_Variance,Kruskal-Wallis,0.0
squareroot_gldm_LargeDependenceHighGrayLevelEmphasis,Kruskal-Wallis,0.0
wavelet2-LH_firstorder_Skewness,Kruskal-Wallis,0.0
original_firstorder_RobustMeanAbsoluteDeviation,Kruskal-Wallis,0.0
original_glcm_ClusterTendency,Kruskal-Wallis,0.0
logarithm_firstorder_Variance,Kruskal-Wallis,0.0
logarithm_glcm_ClusterTendency,Kruskal-Wallis,0.0
original_gldm_HighGrayLevelEmphasis,Kruskal-Wallis,0.0
original_gldm_GrayLevelVariance,Kruskal-Wallis,0.0
logarithm_glcm_Autocorrelation,Kruskal-Wallis,0.0
wavelet2-LH_firstorder_10Percentile,Kruskal-Wallis,0.0
logarithm_glcm_ClusterProminence,Kruskal-Wallis,0.0
logarithm_glcm_ClusterShade,Kruskal-Wallis,0.0
original_ngtdm_Contrast,Kruskal-Wallis,0.0
wavelet2-LL_firstorder_Energy,Kruskal-Wallis,0.0
logarithm_glcm_Correlation,Kruskal-Wallis,0.0
original_glcm_Correlation,Kruskal-Wallis,0.0
wavelet2-LL_firstorder_Uniformity,Kruskal-Wallis,0.0
original_gldm_DependenceEntropy,Kruskal-Wallis,0.0
original_firstorder_90Percentile,Kruskal-Wallis,0.0
original_glcm_Imc2,Kruskal-Wallis,0.0
wavelet-LH_firstorder_10Percentile,Kruskal-Wallis,0.0
log-sigma-0-6-mm-3D_firstorder_10Percentile,Kruskal-Wallis,0.0
original_gldm_LargeDependenceHighGrayLevelEmphasis,Kruskal-Wallis,0.0
wavelet2-LL_firstorder_90Percentile,Kruskal-Wallis,0.0
log-sigma-3-mm-3D_glrlm_RunEntropy,Kruskal-Wallis,2.900834894963845e-306
log-sigma-2-mm-3D_gldm_GrayLevelVariance,Kruskal-Wallis,5.053864473885584e-306
log-sigma-2-mm-3D_firstorder_Variance,Kruskal-Wallis,6.716828770343793e-306
squareroot_glszm_ZoneEntropy,Kruskal-Wallis,1.8210500340413614e-305
log-sigma-2-mm-3D_glcm_ClusterProminence,Kruskal-Wallis,1.2085602448562596e-301
logarithm_glcm_Idmn,Kruskal-Wallis,1.2869230183601203e-301
logarithm_firstorder_Mean,Kruskal-Wallis,5.112083709452905e-301
log-sigma-3-mm-3D_glcm_ClusterTendency,Kruskal-Wallis,4.68729879339638e-299
original_glrlm_LongRunHighGrayLevelEmphasis,Kruskal-Wallis,4.64014649041033e-298
logarithm_gldm_SmallDependenceHighGrayLevelEmphasis,Kruskal-Wallis,4.6706120005844006e-296
logarithm_glcm_DifferenceEntropy,Kruskal-Wallis,4.950243736660035e-296
log-sigma-3-mm-3D_glcm_SumSquares,Kruskal-Wallis,2.2748832875101186e-295
squareroot_glcm_DifferenceEntropy,Kruskal-Wallis,1.1106948309617338e-294
logarithm_glcm_DifferenceAverage,Kruskal-Wallis,2.3163359836661078e-293
log-sigma-3-mm-3D_glcm_ClusterProminence,Kruskal-Wallis,2.887004598536619e-292
squareroot_glcm_Idn,Kruskal-Wallis,9.14168972379496e-292
squareroot_gldm_SmallDependenceHighGrayLevelEmphasis,Kruskal-Wallis,4.384520911273375e-289
original_glrlm_ShortRunHighGrayLevelEmphasis,Kruskal-Wallis,1.1797621904928493e-286
squareroot_glszm_GrayLevelVariance,Kruskal-Wallis,7.375258481521662e-286
log-sigma-0-6-mm-3D_glcm_Imc2,Kruskal-Wallis,1.309093362556908e-285
logarithm_firstorder_Uniformity,Kruskal-Wallis,3.0020487927901712e-285
log-sigma-2-mm-3D_firstorder_Entropy,Kruskal-Wallis,7.620008288299265e-285
squareroot_glcm_DifferenceAverage,Kruskal-Wallis,2.031695622016983e-284
logarithm_glszm_SmallAreaHighGrayLevelEmphasis,Kruskal-Wallis,1.656991988446665e-281
logarithm_glszm_GrayLevelVariance,Kruskal-Wallis,1.0356749644136733e-279
log-sigma-2-mm-3D_glcm_SumEntropy,Kruskal-Wallis,9.63512653775674e-278
log-sigma-2-mm-3D_firstorder_MeanAbsoluteDeviation,Kruskal-Wallis,4.0725838559532925e-277
square_firstorder_10Percentile,Kruskal-Wallis,1.1801469262351279e-275
log-sigma-3-mm-3D_glszm_SmallAreaLowGrayLevelEmphasis,Kruskal-Wallis,4.6193200000689425e-274
wavelet2-LL_glcm_Imc1,Kruskal-Wallis,1.3436912357811797e-273
log-sigma-3-mm-3D_firstorder_Variance,Kruskal-Wallis,4.7512984249471016e-273
log-sigma-3-mm-3D_gldm_GrayLevelVariance,Kruskal-Wallis,6.401779728551487e-273
wavelet2-LL_glcm_JointEnergy,Kruskal-Wallis,7.517108521582487e-272
squareroot_glcm_Idm,Kruskal-Wallis,3.349518623755257e-271
log-sigma-2-mm-3D_glrlm_GrayLevelVariance,Kruskal-Wallis,2.705677501900274e-268
squareroot_glcm_Id,Kruskal-Wallis,5.317930443536928e-268
squareroot_glcm_JointEnergy,Kruskal-Wallis,4.010616244942979e-266
logarithm_glcm_Contrast,Kruskal-Wallis,1.590917840673691e-265
squareroot_glcm_Idmn,Kruskal-Wallis,8.525283393785463e-262
log-sigma-2-mm-3D_firstorder_Minimum,Kruskal-Wallis,8.81859356360532e-261
logarithm_glcm_DifferenceVariance,Kruskal-Wallis,7.388697228944804e-260
logarithm_glcm_Idm,Kruskal-Wallis,3.4998477110858994e-258
exponential_firstorder_Kurtosis,Kruskal-Wallis,4.630898810894994e-257
squareroot_glcm_Contrast,Kruskal-Wallis,6.118142369077922e-257
wavelet2-LL_glcm_InverseVariance,Kruskal-Wallis,7.451204720690764e-257
logarithm_glcm_Id,Kruskal-Wallis,2.6227682330429465e-256
squareroot_glszm_SmallAreaHighGrayLevelEmphasis,Kruskal-Wallis,1.338208289845888e-254
wavelet2-LH_glcm_Imc2,Kruskal-Wallis,2.3212133730273233e-248
log-sigma-0-6-mm-3D_glcm_Correlation,Kruskal-Wallis,1.7047016709049215e-247
logarithm_ngtdm_Busyness,Kruskal-Wallis,9.130370404779719e-247
squareroot_glcm_DifferenceVariance,Kruskal-Wallis,8.293845194946397e-246
log-sigma-3-mm-3D_glrlm_GrayLevelVariance,Kruskal-Wallis,1.7585828839440608e-245
log-sigma-3-mm-3D_firstorder_Entropy,Kruskal-Wallis,2.2277222286935534e-245
log-sigma-3-mm-3D_firstorder_MeanAbsoluteDeviation,Kruskal-Wallis,2.4269771964475515e-244
log-sigma-2-mm-3D_glszm_HighGrayLevelZoneEmphasis,Kruskal-Wallis,6.830729826368901e-242
original_glszm_ZoneEntropy,Kruskal-Wallis,3.211585289402091e-240
log-sigma-2-mm-3D_glrlm_GrayLevelNonUniformityNormalized,Kruskal-Wallis,1.3195381204284614e-239
wavelet2-LH_glrlm_RunEntropy,Kruskal-Wallis,5.116324915008254e-237
original_glcm_Idm,Kruskal-Wallis,1.793546207927265e-236
logarithm_glcm_JointEnergy,Kruskal-Wallis,2.067693620052709e-236
log-sigma-2-mm-3D_glcm_JointEntropy,Kruskal-Wallis,1.1871638350980814e-235
original_glcm_Id,Kruskal-Wallis,1.9687109558508582e-235
squareroot_firstorder_Energy,Kruskal-Wallis,3.001917365962066e-230
squareroot_glrlm_ShortRunEmphasis,Kruskal-Wallis,3.449546827307277e-230
squareroot_glrlm_RunLengthNonUniformityNormalized,Kruskal-Wallis,4.886845720031347e-230
log-sigma-2-mm-3D_firstorder_Uniformity,Kruskal-Wallis,6.394201766435208e-230
log-sigma-3-mm-3D_firstorder_Mean,Kruskal-Wallis,3.652842408545438e-229
logarithm_glrlm_ShortRunEmphasis,Kruskal-Wallis,3.117006451956732e-227
wavelet2-LL_glcm_DifferenceEntropy,Kruskal-Wallis,6.1392640591572365e-227
logarithm_glrlm_RunLengthNonUniformityNormalized,Kruskal-Wallis,8.55449803557253e-227
wavelet2-HH_glcm_ClusterShade,Kruskal-Wallis,1.1755618742076701e-226
log-sigma-3-mm-3D_glcm_SumEntropy,Kruskal-Wallis,2.298303353356968e-225
log-sigma-2-mm-3D_gldm_DependenceEntropy,Kruskal-Wallis,8.56511004593604e-225
squareroot_firstorder_TotalEnergy,Kruskal-Wallis,7.685855128114474e-224
original_glcm_DifferenceAverage,Kruskal-Wallis,4.765589727296925e-220
logarithm_glszm_SmallAreaLowGrayLevelEmphasis,Kruskal-Wallis,5.954740769092138e-220
log-sigma-2-mm-3D_glcm_Imc1,Kruskal-Wallis,1.131806135124768e-219
log-sigma-0-6-mm-3D_glrlm_RunEntropy,Kruskal-Wallis,1.334330089946408e-219
wavelet2-LL_glcm_Id,Kruskal-Wallis,3.807431077073576e-219
wavelet2-LL_glcm_Idm,Kruskal-Wallis,7.529814468336872e-219
logarithm_glszm_ZonePercentage,Kruskal-Wallis,7.965300087859691e-217
original_glcm_DifferenceEntropy,Kruskal-Wallis,1.6987134831532739e-215
logarithm_gldm_SmallDependenceEmphasis,Kruskal-Wallis,2.0223621028230198e-215
log-sigma-2-mm-3D_firstorder_Mean,Kruskal-Wallis,5.103676641938046e-215
log-sigma-0-6-mm-3D_glcm_SumEntropy,Kruskal-Wallis,1.2062529016915472e-214
log-sigma-2-mm-3D_firstorder_RobustMeanAbsoluteDeviation,Kruskal-Wallis,2.7336808709819106e-213
log-sigma-3-mm-3D_firstorder_Median,Kruskal-Wallis,5.5337726025746656e-213
squareroot_glszm_ZonePercentage,Kruskal-Wallis,4.112492175488346e-212
logarithm_glszm_LowGrayLevelZoneEmphasis,Kruskal-Wallis,6.646271923971769e-211
wavelet2-LL_glcm_DifferenceAverage,Kruskal-Wallis,1.2270958346389493e-210
log-sigma-3-mm-3D_firstorder_RootMeanSquared,Kruskal-Wallis,1.4318892570722226e-209
log-sigma-3-mm-3D_glszm_HighGrayLevelZoneEmphasis,Kruskal-Wallis,8.915859502075737e-208
wavelet2-LH_glcm_Correlation,Kruskal-Wallis,2.155198396848387e-207
squareroot_glcm_Imc1,Kruskal-Wallis,5.09415545548906e-207
log-sigma-0-6-mm-3D_firstorder_Entropy,Kruskal-Wallis,1.913609046094773e-206
squareroot_gldm_SmallDependenceEmphasis,Kruskal-Wallis,3.5558084676680774e-206
log-sigma-0-6-mm-3D_glcm_ClusterTendency,Kruskal-Wallis,8.13328511540534e-206
log-sigma-3-mm-3D_glcm_Idmn,Kruskal-Wallis,1.130921329529911e-205
log-sigma-3-mm-3D_glrlm_GrayLevelNonUniformityNormalized,Kruskal-Wallis,1.2751479808196044e-205
log-sigma-0-6-mm-3D_glrlm_GrayLevelVariance,Kruskal-Wallis,1.4066161434161564e-205
original_glszm_GrayLevelNonUniformityNormalized,Kruskal-Wallis,2.0096371215039097e-204
log-sigma-3-mm-3D_firstorder_Uniformity,Kruskal-Wallis,5.6034676586706786e-204
original_shape_Sphericity,Kruskal-Wallis,4.819243804628968e-202
original_glszm_GrayLevelVariance,Kruskal-Wallis,1.432298090245967e-201
log-sigma-0-6-mm-3D_glrlm_GrayLevelNonUniformityNormalized,Kruskal-Wallis,1.870011049297256e-201
log-sigma-0-6-mm-3D_glcm_SumSquares,Kruskal-Wallis,9.723331165659517e-201
log-sigma-0-6-mm-3D_gldm_DependenceEntropy,Kruskal-Wallis,7.175757615588974e-199
squareroot_glrlm_RunPercentage,Kruskal-Wallis,1.6101505822471088e-198
original_glszm_HighGrayLevelZoneEmphasis,Kruskal-Wallis,3.2623166054003803e-198
wavelet2-LH_glcm_SumEntropy,Kruskal-Wallis,4.279353177089344e-198
log-sigma-2-mm-3D_glszm_GrayLevelVariance,Kruskal-Wallis,5.763789542281968e-198
log-sigma-0-6-mm-3D_glcm_JointEntropy,Kruskal-Wallis,3.262896349999468e-196
wavelet2-LH_gldm_DependenceEntropy,Kruskal-Wallis,3.425315201287282e-196
log-sigma-2-mm-3D_glrlm_RunEntropy,Kruskal-Wallis,3.8596234088388437e-196
log-sigma-2-mm-3D_glcm_JointEnergy,Kruskal-Wallis,3.7943673367918114e-195
square_firstorder_Skewness,Kruskal-Wallis,7.976102622163755e-195
log-sigma-2-mm-3D_glszm_GrayLevelNonUniformityNormalized,Kruskal-Wallis,8.75709113652054e-195
logarithm_glszm_LargeAreaHighGrayLevelEmphasis,Kruskal-Wallis,1.789233234598372e-193
wavelet2-LL_firstorder_Median,Kruskal-Wallis,4.2501782800101644e-193
squareroot_glszm_LowGrayLevelZoneEmphasis,Kruskal-Wallis,1.0080929026995427e-191
log-sigma-3-mm-3D_gldm_DependenceEntropy,Kruskal-Wallis,1.734263521156775e-191
log-sigma-0-6-mm-3D_firstorder_Variance,Kruskal-Wallis,2.6527024614684197e-191
original_gldm_SmallDependenceHighGrayLevelEmphasis,Kruskal-Wallis,7.998611327795619e-191
log-sigma-3-mm-3D_glszm_GrayLevelNonUniformityNormalized,Kruskal-Wallis,4.524343736311348e-190
log-sigma-3-mm-3D_firstorder_Minimum,Kruskal-Wallis,4.640778415249809e-190
log-sigma-2-mm-3D_firstorder_RootMeanSquared,Kruskal-Wallis,7.571039042032879e-190
log-sigma-0-6-mm-3D_gldm_GrayLevelVariance,Kruskal-Wallis,9.762805199447553e-190
original_firstorder_Median,Kruskal-Wallis,2.4173654535991506e-188
logarithm_glrlm_RunPercentage,Kruskal-Wallis,2.729061418024705e-186
original_glrlm_RunLengthNonUniformityNormalized,Kruskal-Wallis,7.048853239568871e-185
wavelet2-LL_glszm_ZonePercentage,Kruskal-Wallis,7.479056471000882e-185
original_glcm_Contrast,Kruskal-Wallis,2.6013590756883555e-184
squareroot_gldm_LargeDependenceEmphasis,Kruskal-Wallis,5.995956319389819e-184
wavelet2-LL_gldm_SmallDependenceEmphasis,Kruskal-Wallis,7.295248459773697e-184
wavelet2-LH_glcm_JointEnergy,Kruskal-Wallis,8.608872819159133e-184
log-sigma-3-mm-3D_glrlm_ShortRunLowGrayLevelEmphasis,Kruskal-Wallis,4.119096983198739e-183
log-sigma-3-mm-3D_firstorder_RobustMeanAbsoluteDeviation,Kruskal-Wallis,1.2565269793418251e-182
squareroot_glszm_SmallAreaLowGrayLevelEmphasis,Kruskal-Wallis,4.6550386140862254e-182
log-sigma-3-mm-3D_glcm_JointEntropy,Kruskal-Wallis,1.1647079106896302e-181
wavelet2-LH_firstorder_Uniformity,Kruskal-Wallis,2.799713909034347e-181
log-sigma-0-6-mm-3D_glcm_ClusterProminence,Kruskal-Wallis,7.986374070879475e-181
log-sigma-0-6-mm-3D_glcm_MCC,Kruskal-Wallis,8.155178065120011e-181
wavelet2-LL_glrlm_ShortRunEmphasis,Kruskal-Wallis,5.8094438259444545e-179
original_glrlm_RunPercentage,Kruskal-Wallis,6.437167420873013e-179
wavelet2-LH_glcm_JointEntropy,Kruskal-Wallis,8.066601318136633e-179
wavelet2-LL_glrlm_RunLengthNonUniformityNormalized,Kruskal-Wallis,2.5839194308082475e-177
original_glrlm_ShortRunEmphasis,Kruskal-Wallis,8.05991080746006e-177
wavelet2-LL_glszm_LargeAreaHighGrayLevelEmphasis,Kruskal-Wallis,1.831683356221901e-176
original_gldm_LargeDependenceEmphasis,Kruskal-Wallis,2.298922869289695e-176
log-sigma-2-mm-3D_firstorder_InterquartileRange,Kruskal-Wallis,6.733036971584213e-176
log-sigma-2-mm-3D_firstorder_Range,Kruskal-Wallis,1.2329721688662675e-174
wavelet-LH_glcm_Imc2,Kruskal-Wallis,1.3192503972819148e-174
original_glcm_MaximumProbability,Kruskal-Wallis,1.3756263878625974e-174
log-sigma-3-mm-3D_glszm_GrayLevelVariance,Kruskal-Wallis,2.5875381859472254e-173
squareroot_glszm_LargeAreaEmphasis,Kruskal-Wallis,2.2241191003116006e-172
log-sigma-2-mm-3D_glszm_LowGrayLevelZoneEmphasis,Kruskal-Wallis,3.2320900136985394e-171
squareroot_glrlm_LongRunEmphasis,Kruskal-Wallis,1.721927231676219e-170
wavelet2-LH_firstorder_Entropy,Kruskal-Wallis,1.959793778441766e-170
logarithm_gldm_LargeDependenceEmphasis,Kruskal-Wallis,2.1293247872639564e-170
log-sigma-2-mm-3D_gldm_SmallDependenceLowGrayLevelEmphasis,Kruskal-Wallis,4.430492226207731e-170
wavelet2-LL_glcm_Contrast,Kruskal-Wallis,5.273258741563228e-170
logarithm_glszm_LargeAreaEmphasis,Kruskal-Wallis,8.037943314601245e-170
wavelet2-LL_glszm_LowGrayLevelZoneEmphasis,Kruskal-Wallis,9.367622461442128e-170
log-sigma-0-6-mm-3D_firstorder_Uniformity,Kruskal-Wallis,1.819074328690303e-169
squareroot_glcm_MaximumProbability,Kruskal-Wallis,8.314045320724472e-169
wavelet-LH_firstorder_Kurtosis,Kruskal-Wallis,1.6072254711495508e-168
logarithm_glcm_MaximumProbability,Kruskal-Wallis,2.5241364313237207e-168
squareroot_glszm_ZoneVariance,Kruskal-Wallis,2.808969436016226e-168
logarithm_glszm_ZoneVariance,Kruskal-Wallis,8.530137989912629e-168
log-sigma-0-6-mm-3D_firstorder_Skewness,Kruskal-Wallis,1.7347701380718085e-165
wavelet-LH_glrlm_RunEntropy,Kruskal-Wallis,1.0958588624601338e-164
logarithm_glrlm_LowGrayLevelRunEmphasis,Kruskal-Wallis,1.2178322769895382e-164
log-sigma-2-mm-3D_glrlm_HighGrayLevelRunEmphasis,Kruskal-Wallis,9.804143772260363e-163
square_glcm_ClusterShade,Kruskal-Wallis,1.4268039834609412e-162
